LevelID,City,LevelName,TargetTasteName,LevelIntro,AvailableIngredients,RequiredIngredients,EnabledMechanics,CorrectIngredientOrder,CorrectRatioPattern,CorrectCombinationPattern,RequireFinalCombinedBatch,AllowAnyPairPreparation,TargetForceLevel,TargetSpeedLevel,MinGrindDuration,MaxGrindDuration,PassingScore,SuccessFeedback,CloseFeedback,WrongFeedback
L01,Guangzhou,Gentle Grain Awakening,Force Tutorial,"Use rice to learn grinding force. The goal is a soft rice flavor without a burnt taste.",Rice,Rice,"Force,GrindDuration",Rice,Rice=Medium,Rice,No,No,Medium,Medium,8,14,100,"The rice tastes soft and clean, with no burnt flavor.","Very close. Adjust the force or grinding time a little.","The rice does not taste right. Check the force and grinding time."
L02,Chaozhou,Slow Tea Return,Speed Tutorial,"Use tea leaves to learn grinding speed. The goal is gentle tea bitterness followed by sweetness.",TeaLeaf,TeaLeaf,"Speed,GrindDuration",TeaLeaf,TeaLeaf=Medium,TeaLeaf,No,No,Medium,Slow,10,16,100,"The tea tastes balanced: light bitterness first, then sweetness.","Very close. Adjust the speed or grinding time a little.","The tea is too bitter. Check the speed and grinding time."
L03,Jiangmen,Layered Dessert,Layer Timing,"Tutorial complete. Challenge levels begin now. Red bean, dried tangerine peel, and rock sugar each change the dessert at a different moment.","RedBean,DriedTangerinePeel,RockSugar","RedBean,DriedTangerinePeel,RockSugar","IngredientOrder,GrindDuration","RedBean,DriedTangerinePeel,RockSugar",RedBean=More;RockSugar=SlightlyMore;DriedTangerinePeel=Less,RedBean|DriedTangerinePeel|RockSugar,No,No,Medium,Medium,18,28,100,"The dessert has a clear order: red bean first, citrus next, sweetness last.","Very close. Check the order or grinding time.","The dessert tastes out of order. Check when each ingredient is added."
L04,Foshan,Joined Nut Crisp,Separate Nut Grind,"Peanut and black sesame are both nutty, but each one should keep its own roasted edge. Use New Batch to grind them separately.","Peanut,BlackSesame","Peanut,BlackSesame","Combination,GrindDuration",,,Peanut|BlackSesame,Yes,No,Medium,Medium,15,24,100,"Peanut and black sesame stay clear from separate preparation, then join cleanly in the final batch.","Very close. Make sure each ingredient is ground alone first, then put both powders together at the end.","The nutty flavors need separate preparation followed by one final combined grind."
L05,Shantou,Clear Spice Split,Flexible Batch Blend,"White pepper, dried tangerine peel, and ginger are all sharp. Prepare any two together, prepare the remaining spice alone, then combine the prepared powders.","WhitePepper,DriedTangerinePeel,Ginger","WhitePepper,DriedTangerinePeel,Ginger","Combination,GrindDuration",,,WhitePepper+DriedTangerinePeel+Ginger,Yes,Yes,Medium,Medium,14,22,100,"The spices stay clear: one paired powder, one single powder, then one final blend.","Very close. Make sure any two spices become one powder, the remaining spice becomes another powder, then the prepared powders meet at the end.","The spice batches need a clearer structure: two together, one alone, then the prepared powders together."
L06,Shunde,Soft Sesame Paste,Subtle Balance,"Black sesame should be the strongest flavor without becoming bitter, while glutinous rice keeps the paste smooth. A familiar grain lesson may help.","BlackSesame,GlutinousRice","BlackSesame,GlutinousRice","Force,Ratio,GrindDuration","BlackSesame,GlutinousRice",BlackSesame=SlightlyMore;GlutinousRice=Less,BlackSesame|GlutinousRice,No,No,Medium,Medium,14,22,100,"The Medium amount of black sesame stays clear, the Small amount of glutinous rice softens it, and Medium force keeps the paste balanced.","Very close. Check the Medium and Small amounts or the Medium force.","The paste is unbalanced. Use Medium black sesame, Small glutinous rice, and Medium force."
L07,Meizhou,Sand Ginger Core,Force And Ratio Challenge,"Sand ginger should form the bold base. Keep the familiar citrus accent restrained, and let coarse salt support rather than compete.","SandGinger,CoarseSalt,DriedTangerinePeel","SandGinger,CoarseSalt,DriedTangerinePeel","Force,Ratio,GrindDuration","SandGinger,DriedTangerinePeel,CoarseSalt",SandGinger=More;DriedTangerinePeel=Less;CoarseSalt=VeryLess,SandGinger|DriedTangerinePeel|CoarseSalt,No,No,Heavy,Medium,20,32,90,"The Large amount of sand ginger leads, Small dried tangerine peel adds a restrained citrus note, and Very Small coarse salt supports it under Heavy force.","Very close. Check the Large, Small, and Very Small amounts or the Heavy force.","The balance is off. Use Large sand ginger, Small dried tangerine peel, Very Small coarse salt, and Heavy force."
L08,Shantou,Pepper Held in Balance,Force Batch Challenge,"White pepper should stay clear without becoming harsh. Peanut and dried tangerine peel should feel familiar from earlier recipes. Prepare each ingredient in its own batch, then use your Experiment Log to choose the force and speed that fit each one.","WhitePepper,Peanut,DriedTangerinePeel","WhitePepper,Peanut,DriedTangerinePeel","Force,Speed,Combination,GrindDuration","WhitePepper,Peanut,DriedTangerinePeel",WhitePepper=More;Peanut=SlightlyMore;DriedTangerinePeel=Less,WhitePepper|Peanut|DriedTangerinePeel,No,No,Medium,Medium,20,32,90,"Each separate batch preserves its role: white pepper stays clear, peanut adds warmth, and dried tangerine peel keeps the finish light.","Very close. Recheck the separate batches and the force and speed used for each ingredient.","One or more ingredients were processed the wrong way. Use the Experiment Log to match each separate batch with its suitable force and speed."
L09,Zhaoqing,Wrapped Rice Layers,Ratio Combination And Order Challenge,"Several familiar ingredients appear again in this zongzi recipe. Prepare red bean, glutinous rice, and black sesame as a single filling batch, adding them in the order suggested by your Experiment Log. Once the filling is ready, add the lotus leaf last and move the pestle briefly to complete the wrapping step.","GlutinousRice,RedBean,LotusLeaf,BlackSesame","GlutinousRice,RedBean,LotusLeaf,BlackSesame","Ratio,Combination,IngredientOrder,GrindDuration","RedBean,GlutinousRice,BlackSesame,LotusLeaf",GlutinousRice=More;BlackSesame=SlightlyMore;RedBean=Less;LotusLeaf=VeryLess,BlackSesame+GlutinousRice+RedBean|LotusLeaf,No,No,Medium,Medium,25,40,90,"The zongzi is wrapped neatly: glutinous rice forms the main body, black sesame adds a roasted note, red bean brings gentle sweetness, and the lotus leaf gives it a fresh herbal aroma.","Very close. Recheck the filling ratios, the order of the three filling ingredients, or the final lotus leaf wrapping step.","The filling is unbalanced or the wrapping step happened too early. Review the ingredient ratios and order, then add the lotus leaf only after the filling is ready."
L10,Yangjiang,Savory Bean Current,Force Speed Ratio And Order Challenge,"Yangjiang douchi forms the savory base. Ginger, dried tangerine peel, and coarse salt should feel familiar from earlier recipes. Use your Experiment Log to place and balance them, then choose a force and speed that preserve the douchi's depth.","YangjiangDouchi,Ginger,DriedTangerinePeel,CoarseSalt","YangjiangDouchi,Ginger,DriedTangerinePeel,CoarseSalt","Force,Speed,Ratio,IngredientOrder,GrindDuration","YangjiangDouchi,Ginger,DriedTangerinePeel,CoarseSalt",YangjiangDouchi=More;Ginger=SlightlyMore;DriedTangerinePeel=Less;CoarseSalt=VeryLess,YangjiangDouchi|Ginger|DriedTangerinePeel|CoarseSalt,No,No,Heavy,Slow,28,45,90,"The Large amount of Yangjiang douchi leads the recipe. Ginger adds warmth, dried tangerine peel brightens the finish, and the Very Small amount of coarse salt supports the blend. Heavy force and Slow speed preserve its savory depth.","Very close. Recheck one ratio or order step, or the Heavy force and Slow speed used for the whole recipe.","The douchi has lost its lead. Review the four amounts and their order, then apply Heavy force at Slow speed to the whole recipe."
L11,Zhanjiang,Ginger-Scallion Finale,Final Challenge,"This ginger-scallion sauce brings together lessons from earlier recipes. Sand ginger, ginger, and coarse salt should feel familiar, while scallion white adds a fresh new layer. Use your Experiment Log to decide the amounts, batch structure, order, force, and speed.","SandGinger,Ginger,ScallionWhite,CoarseSalt","SandGinger,Ginger,ScallionWhite,CoarseSalt","Force,Speed,Ratio,Combination,IngredientOrder,GrindDuration","SandGinger,Ginger,ScallionWhite,CoarseSalt",SandGinger=More;Ginger=SlightlyMore;ScallionWhite=Less;CoarseSalt=VeryLess,SandGinger+Ginger|ScallionWhite|CoarseSalt,No,No,Heavy,Medium,30,50,90,"The sauce comes together cleanly: the ginger pair forms a bold base, scallion white stays fresh in its own batch, and the Very Small amount of coarse salt finishes the balance. Heavy force and Medium speed bring the ginger batch together.","Very close. Recheck one ratio, batch, or order step, or the Heavy force and Medium speed used for the ginger batch.","One earlier lesson is out of place. Review the ginger batch, keep scallion white separate, and finish with the Very Small amount of coarse salt."
L12,Yangjiang,Douchi-Scallion Mastery,Memory Mastery,"This mastery recipe uses only familiar ingredients. Build a douchi-and-ginger base, keep scallion white fresh in its own batch, and let coarse salt finish the sauce. Your Experiment Log contains every rule you need.","YangjiangDouchi,Ginger,ScallionWhite,CoarseSalt","YangjiangDouchi,Ginger,ScallionWhite,CoarseSalt","Force,Speed,Ratio,Combination,IngredientOrder,GrindDuration","YangjiangDouchi,Ginger,ScallionWhite,CoarseSalt",YangjiangDouchi=More;Ginger=SlightlyMore;ScallionWhite=Less;CoarseSalt=VeryLess,YangjiangDouchi+Ginger|ScallionWhite|CoarseSalt,No,No,Heavy,Slow,32,50,90,"Every earlier lesson comes together: douchi leads the first batch, ginger adds warmth, scallion white stays fresh, and the Very Small amount of coarse salt finishes the sauce. Heavy force and Slow speed preserve the savory base.","Very close. Recheck one remembered amount, batch, order step, or the Heavy force and Slow speed used for the first batch.","One familiar rule is out of place. Review the Experiment Log, rebuild the douchi-and-ginger base, keep scallion white separate, and finish with coarse salt."
